{"graph": {"_type": "graph-file", "path": "media/graph/graph_summary_30d81d254c054344a421.graph.json", "sha256": "30d81d254c054344a4217b17cbd6a740fa983aa549646e133ed9be248dab8bf5", "size": 3794}, "epoch": 19, "loss": 0.0020174181554466486, "accuracy": 0.9969924092292786, "val_loss": 0.0021532257087528706, "val_accuracy": 0.9961685538291931, "_runtime": 12327, "_timestamp": 1638047517, "_step": 19, "best_val_loss": 0.001518757315352559, "best_epoch": 18, "_wandb": {"runtime": 12350}}