{"graph": {"_type": "graph-file", "path": "media/graph/graph_summary_7c20f6c01075c7ab2903.graph.json", "sha256": "7c20f6c01075c7ab29035c8ff2bbb43487a4124a640ff24680451273fc02aa43", "size": 4106}, "epoch": 49, "loss": 0.0015864343149587512, "accuracy": 0.9969509840011597, "val_loss": 0.001650904188863933, "val_accuracy": 0.9968822598457336, "_runtime": 12456, "_timestamp": 1638420190, "_step": 49, "best_val_loss": 0.001650904188863933, "best_epoch": 49, "_wandb": {"runtime": 12479}}