{"graph": {"_type": "graph-file", "path": "media/graph/graph_summary_bd66ed87ef1df6014e7e.graph.json", "sha256": "bd66ed87ef1df6014e7eb15c5d1bde327aa5ca2932415267683f22f94a45ef72", "size": 3006}, "epoch": 49, "loss": 0.012391102500259876, "accuracy": 0.9922841191291809, "val_loss": 0.012307405471801758, "val_accuracy": 0.9923170804977417, "_runtime": 7739, "_timestamp": 1638415456, "_step": 49, "best_val_loss": 0.012270388193428516, "best_epoch": 15, "_wandb": {"runtime": 7791}}