{"graph": {"_type": "graph-file", "path": "media/graph/graph_summary_4497b498a341e50218d3.graph.json", "sha256": "4497b498a341e50218d3e0e3312bd3318b0ceb6b233737d4db3ecd3886748dfc", "size": 4104}, "epoch": 49, "loss": 0.0022985648829489946, "accuracy": 0.9965252876281738, "val_loss": 0.0023000005166977644, "val_accuracy": 0.9965372085571289, "_runtime": 12279, "_timestamp": 1638420005, "_step": 49, "best_val_loss": 0.0022516045719385147, "best_epoch": 36, "_wandb": {"runtime": 12302}}