{"graph": {"_type": "graph-file", "path": "media/graph/graph_summary_0df856d46ec8fdbd2910.graph.json", "sha256": "0df856d46ec8fdbd29105120f6aba90b18aced6af7e25bba3e65ae77c9672199", "size": 3007}, "epoch": 49, "loss": 0.0124564403668046, "accuracy": 0.9922553300857544, "val_loss": 0.01257968507707119, "val_accuracy": 0.9921265244483948, "_runtime": 7696, "_timestamp": 1638415416, "_step": 49, "best_val_loss": 0.012473419308662415, "best_epoch": 14, "_wandb": {"runtime": 7753}}