{"graph": {"_type": "graph-file", "path": "media/graph/graph_summary_32f8690f95abc4a062e1.graph.json", "sha256": "32f8690f95abc4a062e1f2ae6b4014fbe6e13ca52096cb51c9bcfeab86e96945", "size": 4092}, "epoch": 49, "loss": 0.0023768427781760693, "accuracy": 0.9964858293533325, "val_loss": 0.002387435408309102, "val_accuracy": 0.9964923858642578, "_runtime": 9506, "_timestamp": 1638464072, "_step": 49, "best_val_loss": 0.002361256629228592, "best_epoch": 38, "_wandb": {"runtime": 9528}}