{"graph": {"_type": "graph-file", "path": "media/graph/graph_summary_21ccf7d37e2e2e9f66f7.graph.json", "sha256": "21ccf7d37e2e2e9f66f7df35d34321b980f0bad42987f8fc361aa1923ed35d0f", "size": 4095}, "epoch": 49, "loss": 0.0015419478295370936, "accuracy": 0.9970322251319885, "val_loss": 0.0016164579428732395, "val_accuracy": 0.9969868659973145, "_runtime": 9489, "_timestamp": 1638464065, "_step": 49, "best_val_loss": 0.0015779625391587615, "best_epoch": 29, "_wandb": {"runtime": 9512}}