{"graph": {"_type": "graph-file", "path": "media/graph/graph_summary_bd66ed87ef1df6014e7e.graph.json", "sha256": "bd66ed87ef1df6014e7eb15c5d1bde327aa5ca2932415267683f22f94a45ef72", "size": 3006}, "epoch": 49, "loss": 0.01241079717874527, "accuracy": 0.992294192314148, "val_loss": 0.012456746771931648, "val_accuracy": 0.992228627204895, "_runtime": 7401, "_timestamp": 1638479708, "_step": 49, "best_val_loss": 0.012440226040780544, "best_epoch": 30, "_wandb": {"runtime": 7449}}