{"graph": {"_type": "graph-file", "path": "media/graph/graph_summary_277158767d0e9f982123.graph.json", "sha256": "277158767d0e9f98212389de3dde354f70fc08723341c54d4d201a1b2c0cf5b7", "size": 4120}, "epoch": 4, "loss": 0.006809197831898928, "accuracy": 0.9960547089576721, "val_loss": 0.005279321689158678, "val_accuracy": 0.9965624809265137, "_runtime": 43, "_timestamp": 1638534076, "_step": 4, "best_val_loss": 0.005279321689158678, "best_epoch": 4}