{"graph": {"_type": "graph-file", "path": "media/graph/graph_summary_b95c38f103b81d4d166f.graph.json", "sha256": "b95c38f103b81d4d166f6c525dedf6c09a03027e956f68cd1fb4cf87075748a1", "size": 4107}, "epoch": 49, "loss": 0.1362045258283615, "accuracy": 0.9965202808380127, "val_loss": 0.13619917631149292, "val_accuracy": 0.9965384602546692, "_runtime": 12740, "_timestamp": 1638402026, "_step": 49, "best_val_loss": 0.1361837089061737, "best_epoch": 47, "_wandb": {"runtime": 12761}}