{"graph": {"_type": "graph-file", "path": "media/graph/graph_summary_0df856d46ec8fdbd2910.graph.json", "sha256": "0df856d46ec8fdbd29105120f6aba90b18aced6af7e25bba3e65ae77c9672199", "size": 3007}, "epoch": 49, "loss": 0.13897064328193665, "accuracy": 0.9923027753829956, "val_loss": 0.13897836208343506, "val_accuracy": 0.992289662361145, "_runtime": 7645, "_timestamp": 1638396902, "_step": 49, "best_val_loss": 0.13897836208343506, "best_epoch": 2, "_wandb": {"runtime": 7693}}