{"graph": {"_type": "graph-file", "path": "media/graph/graph_summary_277158767d0e9f982123.graph.json", "sha256": "277158767d0e9f98212389de3dde354f70fc08723341c54d4d201a1b2c0cf5b7", "size": 4120}, "epoch": 49, "loss": 0.0016378130530938506, "accuracy": 0.9968916177749634, "val_loss": 0.0017016674391925335, "val_accuracy": 0.9968398809432983, "_runtime": 22156, "_timestamp": 1638494221, "_step": 49, "best_val_loss": 0.0016209183959290385, "best_epoch": 44, "_wandb": {"runtime": 22180}}