{"graph": {"_type": "graph-file", "path": "media/graph/graph_summary_bd66ed87ef1df6014e7e.graph.json", "sha256": "bd66ed87ef1df6014e7eb15c5d1bde327aa5ca2932415267683f22f94a45ef72", "size": 3006}, "epoch": 49, "loss": 0.13898839056491852, "accuracy": 0.9922618269920349, "val_loss": 0.13892830908298492, "val_accuracy": 0.9924030303955078, "_runtime": 7602, "_timestamp": 1638396852, "_step": 49, "best_val_loss": 0.13892830908298492, "best_epoch": 1, "_wandb": {"runtime": 7655}}