{"graph": {"_type": "graph-file", "path": "media/graph/graph_summary_b95c38f103b81d4d166f.graph.json", "sha256": "b95c38f103b81d4d166f6c525dedf6c09a03027e956f68cd1fb4cf87075748a1", "size": 4107}, "epoch": 49, "loss": 0.001499307225458324, "accuracy": 0.997109055519104, "val_loss": 0.0015983826015144587, "val_accuracy": 0.9969980716705322, "_runtime": 12640, "_timestamp": 1638420381, "_step": 49, "best_val_loss": 0.0015417420072481036, "best_epoch": 43, "_wandb": {"runtime": 12662}}