{"graph": {"_type": "graph-file", "path": "media/graph/graph_summary_0df856d46ec8fdbd2910.graph.json", "sha256": "0df856d46ec8fdbd29105120f6aba90b18aced6af7e25bba3e65ae77c9672199", "size": 3007}, "epoch": 0, "loss": 0.033400967717170715, "accuracy": 0.57063889503479, "val_loss": 0.02027638629078865, "val_accuracy": 0.5760606527328491, "_runtime": 191, "_timestamp": 1638388964, "_step": 0, "best_val_loss": 0.02027638629078865, "best_epoch": 0}