{"graph": {"_type": "graph-file", "path": "media/graph/graph_summary_0df856d46ec8fdbd2910.graph.json", "sha256": "0df856d46ec8fdbd29105120f6aba90b18aced6af7e25bba3e65ae77c9672199", "size": 3007}, "epoch": 15, "loss": 0.012431588023900986, "accuracy": 0.992241621017456, "val_loss": 0.012399972416460514, "val_accuracy": 0.9922797083854675, "_runtime": 2636, "_timestamp": 1638388708, "_step": 15, "best_val_loss": 0.012244791723787785, "best_epoch": 12}