{"graph": {"_type": "graph-file", "path": "media/graph/graph_summary_a82d7d2bdbc9f1aeaa57.graph.json", "sha256": "a82d7d2bdbc9f1aeaa575bef21be3d134350e5bbc63fbe79566039d396309d37", "size": 4121}, "epoch": 0, "loss": 0.002438575029373169, "accuracy": 0.9959848523139954, "val_loss": 0.0018862769939005375, "val_accuracy": 0.9964475035667419, "_runtime": 470, "_timestamp": 1638523084, "_step": 0, "best_val_loss": 0.0018862769939005375, "best_epoch": 0, "_wandb": {"runtime": 483}}