{"graph": {"_type": "graph-file", "path": "media/graph/graph_summary_0df856d46ec8fdbd2910.graph.json", "sha256": "0df856d46ec8fdbd29105120f6aba90b18aced6af7e25bba3e65ae77c9672199", "size": 3007}, "epoch": 0, "loss": 0.012215384282171726, "accuracy": 0.9921704530715942, "val_loss": 0.011286257766187191, "val_accuracy": 0.9921838045120239, "_runtime": 190, "_timestamp": 1638388980, "_step": 0, "best_val_loss": 0.011286257766187191, "best_epoch": 0}