{"graph": {"_type": "graph-file", "path": "media/graph/graph_summary_df402d6d062f973be718.graph.json", "sha256": "df402d6d062f973be718b1beb0d1dea1b838fb8babc1c20dee5ba8450598c68f", "size": 3008}, "epoch": 49, "loss": 0.1390051245689392, "accuracy": 0.99222332239151, "val_loss": 0.13895435631275177, "val_accuracy": 0.9923419952392578, "_runtime": 7547, "_timestamp": 1638396810, "_step": 49, "best_val_loss": 0.13895435631275177, "best_epoch": 2, "_wandb": {"runtime": 7604}}