{"graph": {"_type": "graph-file", "path": "media/graph/graph_summary_7c20f6c01075c7ab2903.graph.json", "sha256": "7c20f6c01075c7ab29035c8ff2bbb43487a4124a640ff24680451273fc02aa43", "size": 4106}, "epoch": 49, "loss": 0.13621167838573456, "accuracy": 0.9964476227760315, "val_loss": 0.1362093985080719, "val_accuracy": 0.9965521693229675, "_runtime": 12379, "_timestamp": 1638401658, "_step": 49, "best_val_loss": 0.13619184494018555, "best_epoch": 38, "_wandb": {"runtime": 12401}}