{"graph": {"_type": "graph-file", "path": "media/graph/graph_summary_df402d6d062f973be718.graph.json", "sha256": "df402d6d062f973be718b1beb0d1dea1b838fb8babc1c20dee5ba8450598c68f", "size": 3008}, "epoch": 49, "loss": 0.01240570843219757, "accuracy": 0.9922623634338379, "val_loss": 0.0121547756716609, "val_accuracy": 0.9924030303955078, "_runtime": 8458, "_timestamp": 1638480779, "_step": 49, "best_val_loss": 0.011644355952739716, "best_epoch": 2, "_wandb": {"runtime": 8503}}