{"graph": {"_type": "graph-file", "path": "media/graph/graph_summary_4497b498a341e50218d3.graph.json", "sha256": "4497b498a341e50218d3e0e3312bd3318b0ceb6b233737d4db3ecd3886748dfc", "size": 4104}, "epoch": 49, "loss": 0.13648465275764465, "accuracy": 0.9961983561515808, "val_loss": 0.13646456599235535, "val_accuracy": 0.9961498379707336, "_runtime": 12304, "_timestamp": 1638401578, "_step": 49, "best_val_loss": 0.13646456599235535, "best_epoch": 49, "_wandb": {"runtime": 12328}}