{"graph": {"_type": "graph-file", "path": "media/graph/graph_summary_df402d6d062f973be718.graph.json", "sha256": "df402d6d062f973be718b1beb0d1dea1b838fb8babc1c20dee5ba8450598c68f", "size": 3008}, "epoch": 49, "loss": 0.012509757652878761, "accuracy": 0.9922009110450745, "val_loss": 0.012151896022260189, "val_accuracy": 0.992460310459137, "_runtime": 7755, "_timestamp": 1638415482, "_step": 49, "best_val_loss": 0.012055319733917713, "best_epoch": 19, "_wandb": {"runtime": 7805}}