{"graph": {"_type": "graph-file", "path": "media/graph/graph_summary_0df856d46ec8fdbd2910.graph.json", "sha256": "0df856d46ec8fdbd29105120f6aba90b18aced6af7e25bba3e65ae77c9672199", "size": 3007}, "epoch": 13, "loss": 0.11287204921245575, "accuracy": 0.40387579798698425, "val_loss": 0.11325652152299881, "val_accuracy": 0.37683042883872986, "_runtime": 2344, "_timestamp": 1638388720, "_step": 13, "best_val_loss": 0.01893940009176731, "best_epoch": 2}