{"graph": {"_type": "graph-file", "path": "media/graph/graph_summary_a82d7d2bdbc9f1aeaa57.graph.json", "sha256": "a82d7d2bdbc9f1aeaa575bef21be3d134350e5bbc63fbe79566039d396309d37", "size": 4121}, "epoch": 0, "loss": 0.0025210611056536436, "accuracy": 0.9959526062011719, "val_loss": 0.0019300951389595866, "val_accuracy": 0.9964637160301208, "_runtime": 477, "_timestamp": 1638472548, "_step": 0, "best_val_loss": 0.0019300951389595866, "best_epoch": 0, "_wandb": {"runtime": 490}}