{"graph": {"_type": "graph-file", "path": "media/graph/graph_summary_a674a2f9650d0282eb05.graph.json", "sha256": "a674a2f9650d0282eb051e60360e207252e40ab9c7eb3e289d9a6d77cde18f68", "size": 4093}, "epoch": 49, "loss": 0.001635029911994934, "accuracy": 0.9968740344047546, "val_loss": 0.001673848950304091, "val_accuracy": 0.9968423843383789, "_runtime": 9491, "_timestamp": 1638464060, "_step": 49, "best_val_loss": 0.0016204349230974913, "best_epoch": 47, "_wandb": {"runtime": 9514}}