{"graph": {"_type": "graph-file", "path": "media/graph/graph_summary_ef8ce1e71db21079b20c.graph.json", "sha256": "ef8ce1e71db21079b20c23176e1e97280a05a2b00fe9c3491b73d8f34bc281ae", "size": 4118}, "epoch": 49, "loss": 0.0023251839447766542, "accuracy": 0.9965313673019409, "val_loss": 0.002395251300185919, "val_accuracy": 0.9965097904205322, "_runtime": 22097, "_timestamp": 1638494159, "_step": 49, "best_val_loss": 0.002315823221579194, "best_epoch": 35, "_wandb": {"runtime": 22120}}